üë§ ATOR: ADMINISTRADOR;;;;;;
;US01 ‚Äì Cadastro de Classes;;;;;
;Story Points: 8;;;;;
;;;;;;
;Como administrador do sistema;;;;;
;Quero cadastrar e manter as classes de D&D com todas as suas caracter√≠sticas;;;;;
;Para disponibilizar informa√ß√µes completas e corretas em portugu√™s para a comunidade.;;;;;
;;;;;;
;Crit√©rios de aceite;;;;;
;;Cadastrar, editar e excluir classes;;;;
;;Cadastrar habilidades de classe por n√≠vel (1-20);;;;
;;Cadastrar subclasses vinculadas √† classe;;;;
;;Cadastrar tabela de progress√£o com b√¥nus e espa√ßos de magia;;;;
;;Definir profici√™ncias em armaduras, armas e ferramentas;;;;
;;Definir testes de resist√™ncia e per√≠cias dispon√≠veis;;;;
;;Gerar log de auditoria em cada opera√ß√£o;;;;
;;;;;;
;US02 ‚Äì Cadastro de Ra√ßas;;;;;
;Story Points: 5;;;;;
;;;;;;
;Como administrador do sistema;;;;;
;Quero cadastrar e manter as ra√ßas de D&D com seus tra√ßos e sub-ra√ßas;;;;;
;Para que os jogadores possam consultar e selecionar ra√ßas ao criar personagens.;;;;;
;;;;;;
;Crit√©rios de aceite;;;;;
;;Cadastrar, editar e excluir ra√ßas;;;;
;;Cadastrar tra√ßos raciais por ra√ßa;;;;
;;Cadastrar sub-ra√ßas com tra√ßos adicionais;;;;
;;Definir atributos: tamanho, deslocamento, idiomas, vis√£o no escuro;;;;
;;Gerar log de auditoria em cada opera√ß√£o;;;;
;;;;;;
;US03 ‚Äì Cadastro de Origens;;;;;
;Story Points: 5;;;;;
;;;;;;
;Como administrador do sistema;;;;;
;Quero cadastrar e manter as origens (antecedentes);;;;;
;Para que jogadores possam escolher a hist√≥ria pregressa de seus personagens.;;;;;
;;;;;;
;Crit√©rios de aceite;;;;;
;;Cadastrar, editar e excluir origens;;;;
;;Definir per√≠cias, ferramentas e idiomas concedidos;;;;
;;Cadastrar caracter√≠stica especial da origem;;;;
;;Cadastrar sugest√µes de personaliza√ß√£o (tra√ßos, ideais, v√≠nculos, defeitos);;;;
;;Gerar log de auditoria em cada opera√ß√£o;;;;
;;;;;;
;US04 ‚Äì Cadastro de Talentos;;;;;
;Story Points: 3;;;;;
;;;;;;
;Como administrador do sistema;;;;;
;Quero cadastrar e manter os talentos (feats);;;;;
;Para que jogadores possam personalizar seus personagens al√©m das op√ß√µes de classe.;;;;;
;;;;;;
;Crit√©rios de aceite;;;;;
;;Cadastrar, editar e excluir talentos;;;;
;;Informar pr√©-requisitos quando aplic√°vel;;;;
;;Cadastrar descri√ß√£o completa dos benef√≠cios;;;;
;;Gerar log de auditoria em cada opera√ß√£o;;;;
;;;;;;
;US05 ‚Äì Cadastro de Magias;;;;;
;Story Points: 8;;;;;
;;;;;;
;Como administrador do sistema;;;;;
;Quero cadastrar e manter as magias de D&D;;;;;
;Para que jogadores e mestres possam consultar magias em portugu√™s com facilidade.;;;;;
;;;;;;
;Crit√©rios de aceite;;;;;
;;Cadastrar, editar e excluir magias;;;;
;;Classificar por n√≠vel (Truque a 9¬∫) e escola de magia;;;;
;;Informar tempo de conjura√ß√£o, alcance, componentes e dura√ß√£o;;;;
;;Indicar se requer concentra√ß√£o e/ou pode ser ritual;;;;
;;Associar magias √†s classes que possuem acesso;;;;
;;Cadastrar efeito em n√≠veis superiores quando aplic√°vel;;;;
;;Gerar log de auditoria em cada opera√ß√£o;;;;
;;;;;;
;US06 ‚Äì Cadastro de Itens;;;;;
;Story Points: 8;;;;;
;;;;;;
;Como administrador do sistema;;;;;
;Quero cadastrar e manter itens, armas, armaduras e equipamentos;;;;;
;Para disponibilizar um cat√°logo completo de itens em portugu√™s.;;;;;
;;;;;;
;Crit√©rios de aceite;;;;;
;;Cadastrar, editar e excluir itens;;;;
;;Classificar por tipo, subtipo e raridade;;;;
;;Cadastrar propriedades espec√≠ficas de armas (dano, tipo de dano, propriedades);;;;
;;Cadastrar propriedades espec√≠ficas de armaduras (CA, for√ßa m√≠nima, desvantagem em furtividade);;;;
;;Indicar se √© m√°gico e se requer sintonia;;;;
;;Gerar log de auditoria em cada opera√ß√£o;;;;
;;;;;;
;;;;;;
üë§ ATOR: USU√ÅRIO COMUM (JOGADOR);;;;;;
;US07 ‚Äì Consulta de Conte√∫do;;;;;
;Story Points: 5;;;;;
;;;;;;
;Como jogador de D&D;;;;;
;Quero consultar classes, ra√ßas, origens, talentos, magias e itens em portugu√™s;;;;;
;Para entender as op√ß√µes dispon√≠veis sem precisar recorrer a materiais em ingl√™s.;;;;;
;;;;;;
;Crit√©rios de aceite;;;;;
;;Navegar por categorias (classes, ra√ßas, magias, etc.);;;;
;;Visualizar listagem com cards/resumos;;;;
;;Acessar detalhamento completo de cada entidade;;;;
;;Utilizar filtros avan√ßados (n√≠vel de magia, escola, classe, tipo de item, raridade);;;;
;;Realizar busca textual global;;;;
;;Acessar sem necessidade de login (consulta p√∫blica);;;;
;;;;;;
;US08 ‚Äì Cria√ß√£o de Ficha de Personagem;;;;;
;Story Points: 13;;;;;
;;;;;;
;Como jogador de D&D;;;;;
;Quero criar a ficha do meu personagem de forma guiada;;;;;
;Para ter uma experi√™ncia fluida com c√°lculos autom√°ticos e sem erros manuais.;;;;;
;;;;;;
;Crit√©rios de aceite;;;;;
;;Fluxo passo a passo: Ra√ßa > Classe > Atributos > Origem > Per√≠cias > Equipamento > Personalidade;;;;
;;C√°lculo autom√°tico de modificadores de atributo;;;;
;;C√°lculo autom√°tico de HP, CA, Iniciativa e B√¥nus de Profici√™ncia;;;;
;;Herdar profici√™ncias de classe, ra√ßa e origem automaticamente;;;;
;;Selecionar talentos dispon√≠veis;;;;
;;Selecionar magias filtradas pela classe escolhida;;;;
;;Montar invent√°rio a partir dos itens cadastrados;;;;
;;Salvar ficha vinculada ao usu√°rio logado;;;;
;;;;;;
;US09 ‚Äì Gerenciamento de Fichas;;;;;
;Story Points: 5;;;;;
;;;;;;
;Como jogador de D&D;;;;;
;Quero gerenciar minhas fichas de personagem;;;;;
;Para manter meus personagens atualizados ao longo das campanhas.;;;;;
;;;;;;
;Crit√©rios de aceite;;;;;
;;Listar todas as fichas do usu√°rio logado;;;;
;;Editar atributos, equipamento, magias e n√≠vel;;;;
;;Progress√£o de n√≠vel com recalculo autom√°tico de HP, b√¥nus e habilidades;;;;
;;Gerenciar magias preparadas e recursos gastos;;;;
;;Duplicar ficha existente;;;;
;;Excluir ficha;;;;
;;Exportar ficha em PDF no layout cl√°ssico de D&D;;;;
;;;;;;
;US10 ‚Äì Integra√ß√£o com Owlbear Rodeo;;;;;
;Story Points: 13;;;;;
;;;;;;
;Como jogador de D&D;;;;;
;Quero conectar minha ficha ao Owlbear Rodeo durante uma sess√£o;;;;;
;Para jogar com minha ficha em portugu√™s integrada ao VTT.;;;;;
;;;;;;
;Crit√©rios de aceite;;;;;
;;Conectar ficha √† sess√£o ativa do Owlbear via SDK;;;;
;;Sincronizar HP, CA e condi√ß√µes em tempo real (bidirecional);;;;
;;Rolar dados pela ficha com resultado exibido no VTT para toda a mesa;;;;
;;Atualizar recursos e magias gastas durante a sess√£o;;;;
;;Manter sincroniza√ß√£o est√°vel durante toda a sess√£o de jogo;;;;
;;;;;;
;;;;;;
üë§ ATOR: ADMINISTRADOR + USU√ÅRIO COMUM;;;;;;
;US11 ‚Äì Autentica√ß√£o e Controle de Acesso;;;;;
;Story Points: 5;;;;;
;;;;;;
;Como usu√°rio do sistema;;;;;
;Quero fazer login para acessar funcionalidades restritas;;;;;
;Para garantir seguran√ßa e separa√ß√£o de permiss√µes no sistema.;;;;;
;;;;;;
;Crit√©rios de aceite;;;;;
;;Realizar login com email e senha;;;;
;;Recuperar senha via email;;;;
;;Administrador acessa painel administrativo + cria√ß√£o de fichas;;;;
;;Usu√°rio Comum acessa consulta de conte√∫do + cria√ß√£o/gerenciamento de suas fichas;;;;
;;Consulta p√∫blica de conte√∫do sem necessidade de login;;;;
;;Logout com invalida√ß√£o de sess√£o;;;;
